change_type,resource_type,vni,vrf,device,field,before,after,status,evidence_before,evidence_after
ADDED,L2VNI,10020,TENANT-B,leaf01,nve_member,,true,OBSERVED,health/before/raw/leaf01/config.txt,health/after/raw/leaf01/config.txt
ADDED,L2VNI,10020,TENANT-B,leaf01,operational_state,,Up,OBSERVED,health/before/raw/leaf01/shows.log,health/after/raw/leaf01/shows.log
ADDED,L2VNI,10020,TENANT-B,leaf01,replication,,UnicastBGP,OBSERVED,health/before/raw/leaf01/shows.log,health/after/raw/leaf01/shows.log
ADDED,L2VNI,10020,TENANT-B,leaf01,svi.anycast_gateway,,true,OBSERVED,health/before/raw/leaf01/config.txt,health/after/raw/leaf01/config.txt
ADDED,L2VNI,10020,TENANT-B,leaf01,svi.ipv4_addresses,,"[""198.51.100.1/24""]",OBSERVED,health/before/raw/leaf01/config.txt,health/after/raw/leaf01/config.txt
ADDED,L2VNI,10020,TENANT-B,leaf01,svi.ipv6_addresses,,[],OBSERVED,health/before/raw/leaf01/config.txt,health/after/raw/leaf01/config.txt
ADDED,L2VNI,10020,TENANT-B,leaf01,svi.ipv6_link_local,,,OBSERVED,health/before/raw/leaf01/config.txt,health/after/raw/leaf01/config.txt
ADDED,L2VNI,10020,TENANT-B,leaf01,svi.mtu,,9216,OBSERVED,health/before/raw/leaf01/config.txt,health/after/raw/leaf01/config.txt
ADDED,L2VNI,10020,TENANT-B,leaf01,svi.vrf,,TENANT-B,OBSERVED,health/before/raw/leaf01/config.txt,health/after/raw/leaf01/config.txt
ADDED,L2VNI,10020,TENANT-B,leaf01,vlan,,20,OBSERVED,health/before/raw/leaf01/config.txt,health/after/raw/leaf01/config.txt
ADDED,L2VNI,10020,TENANT-B,leaf01,vlan_name,,TENANT-B-APP,OBSERVED,health/before/raw/leaf01/config.txt,health/after/raw/leaf01/config.txt
ADDED,L2VNI,10020,TENANT-B,leaf02,nve_member,,true,OBSERVED,health/before/raw/leaf02/config.txt,health/after/raw/leaf02/config.txt
ADDED,L2VNI,10020,TENANT-B,leaf02,operational_state,,Up,OBSERVED,health/before/raw/leaf02/shows.log,health/after/raw/leaf02/shows.log
ADDED,L2VNI,10020,TENANT-B,leaf02,replication,,UnicastBGP,OBSERVED,health/before/raw/leaf02/shows.log,health/after/raw/leaf02/shows.log
ADDED,L2VNI,10020,TENANT-B,leaf02,svi.anycast_gateway,,true,OBSERVED,health/before/raw/leaf02/config.txt,health/after/raw/leaf02/config.txt
ADDED,L2VNI,10020,TENANT-B,leaf02,svi.ipv4_addresses,,"[""198.51.100.1/24""]",OBSERVED,health/before/raw/leaf02/config.txt,health/after/raw/leaf02/config.txt
ADDED,L2VNI,10020,TENANT-B,leaf02,svi.ipv6_addresses,,[],OBSERVED,health/before/raw/leaf02/config.txt,health/after/raw/leaf02/config.txt
ADDED,L2VNI,10020,TENANT-B,leaf02,svi.ipv6_link_local,,,OBSERVED,health/before/raw/leaf02/config.txt,health/after/raw/leaf02/config.txt
ADDED,L2VNI,10020,TENANT-B,leaf02,svi.mtu,,9216,OBSERVED,health/before/raw/leaf02/config.txt,health/after/raw/leaf02/config.txt
ADDED,L2VNI,10020,TENANT-B,leaf02,svi.vrf,,TENANT-B,OBSERVED,health/before/raw/leaf02/config.txt,health/after/raw/leaf02/config.txt
ADDED,L2VNI,10020,TENANT-B,leaf02,vlan,,120,OBSERVED,health/before/raw/leaf02/config.txt,health/after/raw/leaf02/config.txt
ADDED,L2VNI,10020,TENANT-B,leaf02,vlan_name,,TENANT-B-APP,OBSERVED,health/before/raw/leaf02/config.txt,health/after/raw/leaf02/config.txt
ADDED,L3VNI,50002,TENANT-B,leaf01,bgp_processes.65000.address_families.ipv4.commands,,"[""advertise l2vpn evpn""]",OBSERVED,health/before/raw/leaf01/config.txt,health/after/raw/leaf01/config.txt
ADDED,L3VNI,50002,TENANT-B,leaf01,local_as,,"[""65000""]",OBSERVED,health/before/raw/leaf01/config.txt,health/after/raw/leaf01/config.txt
ADDED,L3VNI,50002,TENANT-B,leaf01,nve_associate_vrf,,true,OBSERVED,health/before/raw/leaf01/config.txt,health/after/raw/leaf01/config.txt
ADDED,L3VNI,50002,TENANT-B,leaf01,operational_state,,Up,OBSERVED,health/before/raw/leaf01/shows.log,health/after/raw/leaf01/shows.log
ADDED,L3VNI,50002,TENANT-B,leaf01,rd,,auto,OBSERVED,health/before/raw/leaf01/config.txt,health/after/raw/leaf01/config.txt
ADDED,L3VNI,50002,TENANT-B,leaf02,bgp_processes.65000.address_families.ipv4.commands,,"[""advertise l2vpn evpn""]",OBSERVED,health/before/raw/leaf02/config.txt,health/after/raw/leaf02/config.txt
ADDED,L3VNI,50002,TENANT-B,leaf02,local_as,,"[""65000""]",OBSERVED,health/before/raw/leaf02/config.txt,health/after/raw/leaf02/config.txt
ADDED,L3VNI,50002,TENANT-B,leaf02,nve_associate_vrf,,true,OBSERVED,health/before/raw/leaf02/config.txt,health/after/raw/leaf02/config.txt
ADDED,L3VNI,50002,TENANT-B,leaf02,operational_state,,Up,OBSERVED,health/before/raw/leaf02/shows.log,health/after/raw/leaf02/shows.log
ADDED,L3VNI,50002,TENANT-B,leaf02,rd,,auto,OBSERVED,health/before/raw/leaf02/config.txt,health/after/raw/leaf02/config.txt
